[{"id":"user-image---1.jpg","publicUrl":"np://user.desktop.nicepage.com/Site_30499670/images/--1.jpg","size":32434,"hash":"P9V0FK39uxF4Bjy2T9/gk84EQeM=","fileName":"--1.jpg","name":"--1","width":662,"height":306,"thumbnail":{"url":"np://user.desktop.nicepage.com/Site_30499670/images/thumbnails/--1.jpg","width":250,"height":116},"folderId":null,"usages":[]},{"id":"user-image-ccccc.jpg","publicUrl":"np://user.desktop.nicepage.com/Site_30499670/images/ccccc.jpg","size":218496,"hash":"yPB1YXJJ5FYqfnyWpVZhfl4dQVw=","fileName":"ccccc.jpg","name":"ccccc","width":1200,"height":1048,"thumbnail":{"url":"np://user.desktop.nicepage.com/Site_30499670/images/thumbnails/ccccc.jpg","width":250,"height":218},"folderId":null,"originalUrl":"//images01.nicepagecdn.com/c461c07a441a5d220e8feb1a/6127ef397a6a50eba1ed262e/ccccc.jpg","usages":["529704311"]},{"id":"user-image-7350737.png","publicUrl":"np://user.desktop.nicepage.com/Site_30499670/images/7350737.png","size":2019,"hash":"qFoq8zBG60JfclDabQlwh8nXkUw=","fileName":"7350737.png","name":"7350737","width":128,"height":128,"thumbnail":{"url":"np://user.desktop.nicepage.com/Site_30499670/images/thumbnails/7350737.png","width":128,"height":128,"length":2019,"type":"png"},"folderId":null,"originalUrl":"https://assets.nicepagecdn.com/d2cc3eaa/2455139/images/7350737.png","usages":["529704311"]},{"id":"user-image-54554.jpg","publicUrl":"np://user.desktop.nicepage.com/Site_30499670/images/54554.jpg","size":247551,"hash":"IpK/VY8eexrdiSPCMPPh25L1rZI=","fileName":"54554.jpg","name":"54554","width":800,"height":800,"thumbnail":{"url":"np://user.desktop.nicepage.com/Site_30499670/images/thumbnails/54554.jpg","width":250,"height":250},"folderId":null,"originalUrl":"https://assets.nicepagecdn.com/d2cc3eaa/2455139/images/54554.jpg","usages":["529704311"]},{"id":"user-image-6f9dfd9d-08c8-0ba5-25d5-0f3011879cca.jpg","publicUrl":"np://user.desktop.nicepage.com/Site_30499670/images/6f9dfd9d-08c8-0ba5-25d5-0f3011879cca.jpg","size":194527,"hash":"HkSFzeEMgizJAlSxfPrbNOI9+BY=","fileName":"6f9dfd9d-08c8-0ba5-25d5-0f3011879cca.jpg","name":"6f9dfd9d-08c8-0ba5-25d5-0f3011879cca","width":1000,"height":667,"thumbnail":{"url":"np://user.desktop.nicepage.com/Site_30499670/images/thumbnails/6f9dfd9d-08c8-0ba5-25d5-0f3011879cca.jpg","width":250,"height":167},"folderId":null,"originalUrl":"//images01.nicepagecdn.com/c461c07a441a5d220e8feb1a/dac5a61e08ce5f4ba3793093/6f9dfd9d-08c8-0ba5-25d5-0f3011879cca.jpg","usages":["529704311"]},{"id":"user-image-33.jpg","publicUrl":"np://user.desktop.nicepage.com/Site_30499670/images/33.jpg","size":24065,"hash":"K+tYK6SriAB8mC38jb5OBuXwf1U=","fileName":"33.jpg","name":"33","width":251,"height":251,"thumbnail":{"url":"np://user.desktop.nicepage.com/Site_30499670/images/thumbnails/33.jpg","width":250,"height":250},"folderId":null,"originalUrl":"https://assets.nicepagecdn.com/d2cc3eaa/2455139/images/33.jpg","usages":["529704311"]},{"id":"user-image-4.jpg","publicUrl":"np://user.desktop.nicepage.com/Site_30499670/images/4.jpg","size":16697,"hash":"T2sZ8aOE+2wlt/osw9pvkFCj0pw=","fileName":"4.jpg","name":"4","width":251,"height":251,"thumbnail":{"url":"np://user.desktop.nicepage.com/Site_30499670/images/thumbnails/4.jpg","width":250,"height":250},"folderId":null,"originalUrl":"https://assets.nicepagecdn.com/d2cc3eaa/2455139/images/4.jpg","usages":["529704311"]},{"id":"user-image-03.jpg","publicUrl":"np://user.desktop.nicepage.com/Site_30499670/images/03.jpg","size":22784,"hash":"55pOBo1N2EZ0Ns5Ppe8RlskL1FI=","fileName":"03.jpg","name":"03","width":251,"height":251,"thumbnail":{"url":"np://user.desktop.nicepage.com/Site_30499670/images/thumbnails/03.jpg","width":250,"height":250},"folderId":null,"originalUrl":"https://assets.nicepagecdn.com/d2cc3eaa/2455139/images/03.jpg","usages":["529704311"]},{"id":"user-image-Untitled-1.jpg","publicUrl":"np://user.desktop.nicepage.com/Site_30499670/images/Untitled-1.jpg","size":152754,"hash":"8VqpERxsv7SIq94pQwXpz51nZkA=","fileName":"Untitled-1.jpg","name":"Untitled-1","width":920,"height":920,"thumbnail":{"url":"np://user.desktop.nicepage.com/Site_30499670/images/thumbnails/Untitled-1.jpg","width":250,"height":250},"folderId":null,"originalUrl":"https://assets.nicepagecdn.com/d2cc3eaa/2455139/images/Untitled-1.jpg","usages":["529704311"]}]