[{"id":2209427374,"title":"Blog Template","order":1,"templateKey":"blog","customTemplate":false,"customTemplateFilename":null,"pageLinks":[],"dateCreated":"2023-11-23T19:27:42.747Z","dateUpdated":"2023-11-23T19:27:46.969Z","folderId":null,"pageName":"Blog Template","serverPageId":null,"sectionCount":1,"status":2,"backwardUrl":null},{"id":274315148,"title":"Post Template","order":2,"templateKey":"post","customTemplate":false,"customTemplateFilename":null,"pageLinks":[],"dateCreated":"2023-11-23T19:27:43.254Z","dateUpdated":"2023-11-23T19:27:46.970Z","folderId":null,"pageName":"Post Template","serverPageId":null,"sectionCount":1,"status":2,"backwardUrl":null},{"id":83853307,"title":"Product List Template","order":3,"templateKey":"products","customTemplate":false,"customTemplateFilename":null,"pageLinks":[],"dateCreated":"2023-11-23T19:27:43.728Z","dateUpdated":"2023-11-23T19:27:46.970Z","folderId":null,"pageName":"Product List Template","serverPageId":null,"sectionCount":1,"status":2,"backwardUrl":null},{"id":751630566,"title":"Product Details Template","order":4,"templateKey":"product","customTemplate":false,"customTemplateFilename":null,"pageLinks":[],"dateCreated":"2023-11-23T19:27:44.129Z","dateUpdated":"2023-11-23T19:27:46.970Z","folderId":null,"pageName":"Product Details Template","serverPageId":null,"sectionCount":1,"status":2,"backwardUrl":null},{"id":126066468,"title":"Shopping Cart Template","order":5,"templateKey":"cart","customTemplate":false,"customTemplateFilename":null,"pageLinks":[],"dateCreated":"2023-11-23T19:27:44.528Z","dateUpdated":"2023-11-23T19:27:46.971Z","folderId":null,"pageName":"Shopping Cart Template","serverPageId":null,"sectionCount":1,"status":2,"backwardUrl":null},{"id":15015866,"title":"Checkout Template","order":6,"templateKey":"checkout","customTemplate":false,"customTemplateFilename":null,"pageLinks":[],"dateCreated":"2023-11-23T19:27:45.002Z","dateUpdated":"2023-11-23T19:27:46.971Z","folderId":null,"pageName":"Checkout Template","serverPageId":null,"sectionCount":1,"status":2,"backwardUrl":null},{"id":97250047,"title":"Login Template","order":7,"templateKey":"login","customTemplate":false,"customTemplateFilename":null,"pageLinks":[],"dateCreated":"2023-11-23T19:27:45.274Z","dateUpdated":"2023-11-23T19:27:46.971Z","folderId":null,"pageName":"Login Template","serverPageId":null,"sectionCount":1,"status":2,"backwardUrl":null},{"id":221733873,"title":"Page Password Template","order":8,"templateKey":"password","customTemplate":false,"customTemplateFilename":null,"pageLinks":[],"dateCreated":"2023-11-23T19:27:45.486Z","dateUpdated":"2023-11-23T19:27:46.972Z","folderId":null,"pageName":"Page Password Template","serverPageId":null,"sectionCount":1,"status":2,"backwardUrl":null},{"id":96768089,"title":"404 Not Found Template","order":9,"templateKey":"404","customTemplate":false,"customTemplateFilename":null,"pageLinks":[],"dateCreated":"2023-11-23T19:27:45.663Z","dateUpdated":"2023-11-23T19:27:46.972Z","folderId":null,"pageName":"404 Not Found Template","serverPageId":null,"sectionCount":1,"status":2,"backwardUrl":null},{"id":1305805839,"title":"Thank You Page Template","order":10,"templateKey":"ThankYou","customTemplate":false,"customTemplateFilename":null,"pageLinks":[],"dateCreated":"2023-11-23T19:27:45.860Z","dateUpdated":"2023-11-23T19:27:46.972Z","folderId":null,"pageName":"Thank You Page Template","serverPageId":null,"sectionCount":1,"status":2,"backwardUrl":null},{"id":529704311,"title":"Главная","order":50,"templateKey":null,"customTemplate":false,"customTemplateFilename":null,"pageLinks":[],"dateCreated":"2023-11-23T19:27:48.307Z","dateUpdated":"2023-11-23T19:53:45.523Z","folderId":null,"pageName":"Главная_529704311","serverPageId":null,"sectionCount":7,"status":2,"backwardUrl":null},{"id":267058297,"title":"О нас","order":100,"templateKey":null,"customTemplate":false,"customTemplateFilename":null,"pageLinks":[],"dateCreated":"2023-11-23T19:27:46.011Z","dateUpdated":"2023-11-23T19:27:46.972Z","folderId":null,"pageName":"О нас_267058297","serverPageId":null,"sectionCount":1,"status":2,"backwardUrl":null},{"id":507404100,"title":"Контакты","order":101,"templateKey":null,"customTemplate":false,"customTemplateFilename":null,"pageLinks":[],"dateCreated":"2023-11-23T19:27:46.126Z","dateUpdated":"2023-11-23T19:27:46.972Z","folderId":null,"pageName":"Контакты_507404100","serverPageId":null,"sectionCount":1,"status":2,"backwardUrl":null}]